Workbook

Sheet 价目表
A1: SKU | B1: 品名 | C1: 单价
A2: A-001 | B2: 组件甲 | C2: 12.5
A3: A-002 | B3: 组件乙 | C3: 8.25
A4: A-003 | B4: 组件丙 | C4: 3.2

Sheet 折扣档位
A1: 数量下限 | B1: 折扣
A2: 0 | B2: 0
A3: 10 | B3: 0.05
A4: 50 | B4: 0.1
A5: 100 | B5: 0.15

Sheet 报价单
A1: SKU | B1: 数量 | C1: 品名 | D1: 单价 | E1: 折扣 | F1: 应付 | G1: 查找位置
A2: A-001 | B2: 1 | C2: =IFERROR(INDEX(价目表!B2:B4,MATCH(A2,价目表!A2:A4,0)),"缺货") -> 组件甲 | D2: =IFERROR(VLOOKUP(A2,价目表!A2:C4,3,FALSE),0) -> 12.5 | E2: =VLOOKUP(B2,折扣档位!A2:B5,2,TRUE) -> 0 | F2: =ROUND(B2*D2*(1-E2),2) -> 12.5 | G2: =MATCH(A2,价目表!A2:A4,0) -> 1
A3: A-002 | B3: 10 | C3: =IFERROR(INDEX(价目表!B2:B4,MATCH(A3,价目表!A2:A4,0)),"缺货") -> 组件乙 | D3: =IFERROR(VLOOKUP(A3,价目表!A2:C4,3,FALSE),0) -> 8.25 | E3: =VLOOKUP(B3,折扣档位!A2:B5,2,TRUE) -> 0.05 | F3: =ROUND(B3*D3*(1-E3),2) -> 78.38 | G3: =MATCH(A3,价目表!A2:A4,0) -> 2
A4: A-003 | B4: 50 | C4: =IFERROR(INDEX(价目表!B2:B4,MATCH(A4,价目表!A2:A4,0)),"缺货") -> 组件丙 | D4: =IFERROR(VLOOKUP(A4,价目表!A2:C4,3,FALSE),0) -> 3.2 | E4: =VLOOKUP(B4,折扣档位!A2:B5,2,TRUE) -> 0.1 | F4: =ROUND(B4*D4*(1-E4),2) -> 144 | G4: =MATCH(A4,价目表!A2:A4,0) -> 3
A5: A-001 | B5: 100 | C5: =IFERROR(INDEX(价目表!B2:B4,MATCH(A5,价目表!A2:A4,0)),"缺货") -> 组件甲 | D5: =IFERROR(VLOOKUP(A5,价目表!A2:C4,3,FALSE),0) -> 12.5 | E5: =VLOOKUP(B5,折扣档位!A2:B5,2,TRUE) -> 0.15 | F5: =ROUND(B5*D5*(1-E5),2) -> 1062.5 | G5: =MATCH(A5,价目表!A2:A4,0) -> 1
A6: UNKNOWN | B6: 2 | C6: =IFERROR(INDEX(价目表!B2:B4,MATCH(A6,价目表!A2:A4,0)),"缺货") -> 缺货 | D6: =IFERROR(VLOOKUP(A6,价目表!A2:C4,3,FALSE),0) -> 0 | E6: =VLOOKUP(B6,折扣档位!A2:B5,2,TRUE) -> 0 | F6: =ROUND(B6*D6*(1-E6),2) -> 0 | G6: =MATCH(A6,价目表!A2:A4,0) -> #N/A
A7: 合计 | F7: =SUM(F2:F6) -> 1297.38
A9: 批量有效报价 | F9: =COUNTIFS(B2:B6,">=10",D2:D6,">0") -> 3
A10: A 系列数量 | F10: =SUMIF(A2:A6,"A-*",B2:B6) -> 161
